epoch,loss,returns,fireworks,scores,lives,epi_length,num_epis,batch_size,illegal_moves,epsilon
100,-11.666817926168441,-6.553266939293551,1.247538121609331,0.0,0.0,6.229213963887303,82.16,504.35,49.48,0.4996893661284646
200,-3.623865166902542,-0.036076302146548764,1.238513057023767,0.0,0.0,4.801393171689431,104.92,503.18,0.37,0.4993789252437333
300,-8.915496563911438,0.0,1.247165631155511,0.0,0.0,4.788847277184021,105.2,503.19,0.0,0.4990686772259098
400,-14.98935028076172,0.0,1.258467809852507,0.0,0.0,4.801584741614437,104.93,503.07,0.0,0.498758621955172
500,-20.058391189575197,0.0,1.260226286665076,0.0,0.0,4.801639402352464,104.91,503.03,0.0,0.4984487593117725
600,-25.413891677856444,0.0,1.2695534617777262,0.0,0.0,4.834376583785823,104.29,503.48,0.0,0.49813908917603844
700,-29.674571094512938,0.0,1.2616005213950656,0.0,0.0,4.80023412792108,104.92,503.08,0.0,0.4978296114283706
800,-33.39739410400391,0.0,1.254972328331188,0.0,0.0,4.786909483958336,105.12,502.71,0.0,0.4975203259492447
900,-38.23954572677612,0.0,1.2553618104230069,0.0,0.0,4.811163477046903,104.76,503.39,0.0,0.49721123261921013
