epoch,loss,returns,fireworks,scores,lives,epi_length,num_epis,batch_size,illegal_moves,epsilon
100,-14.448754178285599,-8.81676600642392,1.2656001127386667,0.0,0.0,7.0473144032996204,72.54,504.96,57.95,0.04999499999999986
200,-2.3007243454456328,-0.5379338528546274,1.2616026355933654,0.0,0.0,6.590740146485477,76.97,504.51,4.04,0.049989999999999715
300,-1.6078832602500917,-0.18201721046835556,1.2688439800799711,0.0,0.0,5.8993883843120685,85.59,503.72,1.54,0.04998499999999957
400,-1.2136818313598632,-0.07606450195916414,1.2458725894166742,0.0,0.0,5.245791361331357,96.41,503.9,0.72,0.04997999999999943
500,-0.5468603765964508,-0.018984465391647293,1.2499879936313605,0.0,0.0,4.515227269356648,111.6,503.0,0.21,0.049974999999999284
600,-0.29157014496624467,-0.002583058255394584,1.241767020177715,0.0,0.0,4.3027211031907076,116.97,502.81,0.03,0.04996999999999914
700,-0.37057345010340215,0.0,1.2856042295159194,0.0,0.0,4.3276223820263136,116.26,502.69,0.0,0.049964999999998996
800,-0.5231326907873154,0.0,1.2491435208943416,0.0,0.0,4.287874098971229,117.31,502.64,0.0,0.04995999999999885
900,-0.6982576005160809,0.0,1.2679247413616124,0.0,0.0,4.30784652554783,116.79,502.68,0.0,0.04995499999999871
