epoch,loss,returns,fireworks,scores,lives,epi_length,num_epis,batch_size,illegal_moves,epsilon
100,-6.507993785142898,-2.7053067036732523,1.2392221367098466,0.0,0.0,5.48103161399773,93.94,503.86,20.13,0.49994999999999856
200,-6.857704064846039,0.0,1.26448805326053,0.0,0.0,4.807669433492223,104.8,503.25,0.0,0.4998999999999971
