epoch,loss,returns,fireworks,scores,lives,epi_length,num_epis,batch_size,illegal_moves,epsilon
100,-7.70346800327301,-3.8934837899202135,1.2272832557368227,0.0,0.0,6.571245191277761,77.05,504.06,28.34,0.4996893661284646
200,-3.4149617075920107,-0.004544294066021592,1.2471953087068772,0.0,0.0,5.352876075219211,94.79,503.82,0.04,0.4993789252437333
300,-5.587976586818695,0.0,1.2740906208634504,0.0,0.0,4.823141847066903,104.45,503.07,0.0,0.4990686772259098
