epoch,loss,returns,fireworks,scores,lives,epi_length,num_epis,batch_size,illegal_moves,epsilon
100,-11.0243695884943,-6.715662194329134,1.284831207776773,0.0,0.0,6.052694863317769,86.24,503.99,43.73,0.05
200,-0.9021236255764962,-0.12152665254165672,1.2601746069828388,0.0,0.0,4.941963396319623,102.05,503.48,1.22,0.05
300,-0.4381949788331985,-0.020039437642257674,1.2573917705137279,0.0,0.0,4.510805450203466,111.74,503.18,0.22,0.05
