epoch,loss,returns,fireworks,scores,lives,epi_length,num_epis,batch_size,illegal_moves,epsilon
100,-12.428183495998383,-7.8352472374969295,1.2603329907644532,0.0,0.0,7.316322414277738,69.95,504.22,47.55,0.04999499999999986
200,-1.801620581150055,-0.2849380180191087,1.2422834738384545,0.0,0.0,5.829912786007469,86.94,503.66,2.42,0.049989999999999715
300,-1.2681009632349014,-0.06864401472389722,1.2904069077859501,0.0,0.0,5.459058312975517,92.46,503.6,0.63,0.04998499999999957
