epoch,loss,returns,fireworks,scores,lives,epi_length,num_epis,batch_size,illegal_moves,epsilon
100,-12.406691956520081,-4.14381459813511,1.2569604632692306,0.0,0.0,9.556280928116045,57.7,505.9,25.03,0.49500000000000055
200,-112.72075239181518,-11.775359590806644,1.2199662667895026,0.0,0.0,16.296869597935917,31.82,512.19,36.15,0.4900000000000011
300,-209.2867116546631,-13.836299113925497,1.2336358056870693,0.0,0.0,17.254841689901905,30.06,512.77,40.59,0.48500000000000165
400,-297.8868566131592,-14.583771155117857,1.290139426707506,0.0,0.0,17.64997356445826,29.33,512.21,41.53,0.4800000000000022
500,-369.4944593048096,-14.949092161680976,1.2599913540377279,0.0,0.0,17.526003690597523,29.45,511.66,43.06,0.47500000000000275
600,-490.40889862060544,-16.62078809102555,1.2418840487728056,0.0,0.0,17.779885378233853,29.02,511.02,47.18,0.4700000000000033
700,-562.0578770446778,-16.49039605844777,1.3187888705229185,0.0,0.0,18.045616425413403,28.7,511.74,45.89,0.46500000000000385
800,-661.5371932983398,-17.933332820426063,1.296898142813611,0.0,0.0,18.171350722586585,28.5,513.37,50.04,0.4600000000000044
900,-795.7756918334961,-19.679918769086804,1.3175285466952982,0.0,0.0,18.613202373259334,27.83,512.77,53.22,0.45500000000000496
