epoch,loss,returns,fireworks,scores,lives,epi_length,num_epis,batch_size,illegal_moves,epsilon
100,-13.480739476680755,-8.011221619236142,1.2372878848562832,0.0,0.0,6.1584667265457345,83.57,504.1,57.65,0.04808175423786526
200,-1.6980298995971679,-0.3417951088550046,1.2525521206353558,0.0,0.0,5.830248537959023,86.65,503.98,2.97,0.04623710181180951
300,-1.0051235148310662,-0.07825327138875501,1.2425975183612237,0.0,0.0,5.397890973291066,93.71,503.82,0.73,0.044463219319731566
400,-0.6578970956802368,-0.029497402878839337,1.2508164874968057,0.0,0.0,5.001091433915465,100.87,503.27,0.3,0.04275739167911271
500,-0.3557142241299152,-0.006446125373504133,1.2586473570836427,0.0,0.0,4.500487555636011,111.98,503.13,0.07,0.04111700797134484
600,-0.2653252575546503,-0.0008264462809917355,1.2688270210926567,0.0,0.0,4.325989018880518,116.42,503.21,0.01,0.039539557445491
700,-0.31327833209186795,0.0,1.2741268801776302,0.0,0.0,4.303688710226064,116.93,502.81,0.0,0.03802262567536107
800,-0.3977551754564047,0.0,1.2558180998429422,0.0,0.0,4.285341298086888,117.4,502.7,0.0,0.03656389086402112
900,-0.4996791920563773,0.0,1.2716893045099957,0.0,0.0,4.298449843214561,117.04,502.71,0.0,0.03516112029007984
