epoch,loss,returns,fireworks,scores,lives,epi_length,num_epis,batch_size,illegal_moves,epsilon
100,-9.37602904200554,-5.10821368384595,1.2813473766975005,0.0,0.0,5.796136079492163,88.42,503.67,40.43,0.5
200,-4.5223011863231655,-0.016981252487430966,1.2565015861137874,0.0,0.0,4.798357239115904,104.98,503.05,0.18,0.5
300,-10.803374552726746,0.0,1.2832865694513547,0.0,0.0,4.818844479892243,104.49,502.93,0.0,0.5
400,-16.46739254951477,0.0,1.2575899714771064,0.0,0.0,4.8044815127172384,104.86,503.17,0.0,0.5
500,-21.576724786758422,0.0,1.251279601819231,0.0,0.0,4.8074075951030215,104.9,503.41,0.0,0.5
600,-26.356958675384522,0.0,1.253906460734254,0.0,0.0,4.800502249113315,104.93,503.1,0.0,0.5
700,-31.130314025878906,0.0,1.2746245025061824,0.0,0.0,4.822066059529875,104.47,503.11,0.0,0.5
800,-35.141959476470944,0.0,1.2491273019867781,0.0,0.0,4.8033031874977645,104.93,503.4,0.0,0.5
900,-40.64892158508301,0.0,1.2761728660161302,0.0,0.0,4.822911618043728,104.51,503.26,0.0,0.5
