epoch,loss,returns,fireworks,scores,lives,epi_length,num_epis,batch_size,illegal_moves,epsilon
100,-7.782581246495247,-4.570905018477016,1.2845686257026712,0.0,0.0,6.231812055020956,84.03,503.93,27.16,0.0495000000000002
200,-0.40444966293871404,-0.012752093736057155,1.2469882353800212,0.0,0.0,4.43622891418728,113.57,503.15,0.14,0.04900000000000039
