epoch,loss,returns,fireworks,scores,lives,epi_length,num_epis,batch_size,illegal_moves,epsilon
100,-16.372120869159698,-10.04546140325088,1.251739248110995,0.0,0.0,6.206777820587493,86.39,504.57,62.66,0.04999499999999986
200,-1.079761270582676,-0.14594465204391907,1.2549707113221198,0.0,0.0,4.713004330798421,106.94,503.15,1.54,0.049989999999999715
300,-0.44967506706714633,-0.02933899697174439,1.26523010737031,0.0,0.0,4.425301404640546,113.79,502.94,0.33,0.04998499999999957
