epoch,loss,returns,fireworks,scores,lives,epi_length,num_epis,batch_size,illegal_moves,epsilon
100,-11.54202074289322,-6.815364078230739,1.264577162662922,0.0,0.0,6.096564212585691,85.12,503.7,45.56,0.0495000000000002
200,-1.4734255439043045,-0.16336768518035816,1.2684161503203892,0.0,0.0,5.396263106261256,93.43,503.58,1.52,0.04900000000000039
300,-0.8848843982815743,-0.04385101795827556,1.27632615935128,0.0,0.0,4.945069911248897,102.17,503.36,0.44,0.048500000000000584
