epoch,loss,returns,fireworks,scores,lives,epi_length,num_epis,batch_size,illegal_moves,epsilon
100,-12.067853333950042,-7.048492924963113,1.2787016896155068,0.0,0.0,6.77417607189015,75.35,504.78,49.15,0.49500000000000055
200,-3.3769668102264405,-0.035145167056647324,1.2649582114386284,0.0,0.0,5.017953736259991,100.62,503.28,0.33,0.4900000000000011
300,-5.36001076221466,0.0,1.2714438351951853,0.0,0.0,4.7948541512035,105.05,503.05,0.0,0.48500000000000165
