epoch,loss,returns,fireworks,scores,lives,epi_length,num_epis,batch_size,illegal_moves,epsilon
100,-10.156863592863083,-5.68722064602477,1.251616680467235,0.0,0.0,5.977231203044543,85.58,504.01,44.38,0.4698727989009154
200,-3.890872950553894,-0.014695155188906992,1.257865927141411,0.0,0.0,4.737877015786401,106.32,503.18,0.15,0.44156089429396034
300,-8.480950574874878,0.0,1.2560921992073875,0.0,0.0,4.703839448840835,107.05,503.11,0.0,0.4149549065741888
400,-12.374348707199097,0.0,1.2601621577034456,0.0,0.0,4.6629036749470005,108.04,503.24,0.0,0.38995204673936407
500,-15.232824897766113,0.0,1.2340602196506216,0.0,0.0,4.607983551213907,109.35,503.31,0.0,0.3664557192771312
600,-17.434136190414428,0.0,1.2418587919978767,0.0,0.0,4.6026454169663165,109.39,503.05,0.0,0.34437514897998783
700,-18.8548366355896,0.0,1.2614263788988023,0.0,0.0,4.581105550593721,109.94,503.14,0.0,0.32362503024629347
800,-20.651570234298706,0.0,1.2686901964148705,0.0,0.0,4.5649625607625985,110.33,503.08,0.0,0.3041251975124387
900,-21.046555871963502,0.0,1.2562057944130407,0.0,0.0,4.525579232835713,111.28,503.02,0.0,0.2858003155429269
