epoch,loss,returns,fireworks,scores,lives,epi_length,num_epis,batch_size,illegal_moves,epsilon
100,-8.94955184340477,-4.709916341640425,1.2711295683853907,0.0,0.0,6.221206904484401,81.89,504.49,34.84,0.5
200,-2.7266066420078277,-0.014353269609863037,1.255042654637347,0.0,0.0,5.21375573275531,97.22,503.75,0.13,0.5
300,-4.957788882255554,0.0,1.2551926874844381,0.0,0.0,4.7934716460696105,105.12,503.36,0.0,0.5
