epoch,loss,returns,fireworks,scores,lives,epi_length,num_epis,batch_size,illegal_moves,epsilon
100,-8.190572699308396,-4.278746804451494,1.2748368113753832,0.0,0.0,5.896214466002621,87.19,504.04,31.98,0.49994999999999856
200,-3.4540662467479706,-0.007803735609879094,1.2662899145602127,0.0,0.0,4.837357504076197,104.2,503.46,0.08,0.4998999999999971
300,-5.811640825271606,-0.0009523809523809524,1.276945217046687,0.0,0.0,4.834894344074627,104.3,503.67,0.01,0.4998499999999957
