epoch,loss,returns,fireworks,scores,lives,epi_length,num_epis,batch_size,illegal_moves,epsilon
100,-13.06955180644989,-7.814138875670669,1.2618866091848253,0.0,0.0,6.124664349177445,85.33,503.81,51.82,0.0495000000000002
200,-1.6321655428409576,-0.15670305086689285,1.2409120012597454,0.0,0.0,5.380072408451147,93.78,503.82,1.47,0.04900000000000039
300,-1.3710765135288239,-0.07508674273411274,1.2596540689827957,0.0,0.0,5.43308172637839,93.02,503.59,0.69,0.048500000000000584
