epoch,loss,returns,fireworks,scores,lives,epi_length,num_epis,batch_size,illegal_moves,epsilon
100,-6.063317804336548,-2.2816338469564794,1.2781176371572849,0.0,0.0,5.342232522061258,96.07,503.32,17.46,0.4996893661284646
200,-6.919996995925903,0.0,1.2363811190811385,0.0,0.0,4.78255059083624,105.31,502.92,0.0,0.4993789252437333
