epoch,loss,returns,fireworks,scores,lives,epi_length,num_epis,batch_size,illegal_moves,epsilon
100,-7.145391564369202,-3.9892708893932163,1.2882078783427986,0.0,0.0,6.07645652939341,84.32,504.24,26.04,0.04998044371045517
200,-1.0903650283813477,-0.027188838907638426,1.2635404230865688,0.0,0.0,5.127144604863526,98.68,503.55,0.26,0.04996089506987961
