epoch,loss,returns,fireworks,scores,lives,epi_length,num_epis,batch_size,illegal_moves,epsilon
100,-6.432528386712074,-3.538591236817354,1.2557604867591972,0.0,0.0,5.911285089196707,86.85,503.99,23.27,0.04808175423786526
200,-0.6792449672520161,-0.012194128080150784,1.2624724722189946,0.0,0.0,4.7856240415392906,105.65,502.84,0.12,0.04623710181180951
