epoch,loss,returns,fireworks,scores,lives,epi_length,num_epis,batch_size,illegal_moves,epsilon
100,-12.758670196533203,-7.746549906595158,1.2571278617992632,0.0,0.0,6.7981200293094,75.19,504.36,50.4,0.04808175423786526
200,-1.620761615037918,-0.22361967239635294,1.2582006407305169,0.0,0.0,5.849679754254591,86.4,504.3,1.92,0.04623710181180951
300,-1.273298470377922,-0.08475296814391603,1.2748710564735857,0.0,0.0,5.620966240916312,89.77,503.65,0.76,0.044463219319731566
