epoch,loss,returns,fireworks,scores,lives,epi_length,num_epis,batch_size,illegal_moves,epsilon
100,-6.408130056858063,-2.5931695391503915,1.2411966187894483,0.0,0.0,5.381964852151515,95.51,503.67,19.59,0.5
200,-7.009455835819244,0.0,1.254226693275718,0.0,0.0,4.808262246257148,104.76,503.08,0.0,0.5
