epoch,loss,returns,fireworks,scores,lives,epi_length,num_epis,batch_size,illegal_moves,epsilon
100,-10.129748648405075,-5.5741672142060645,1.2456962444060844,0.0,0.0,6.008551109963249,85.77,503.79,40.91,0.5
200,-3.4716012966632843,-0.013373075841803795,1.2693354218315136,0.0,0.0,4.8318455170703665,104.21,502.98,0.14,0.5
300,-5.763302199840545,-0.0009259259259259259,1.271485555715057,0.0,0.0,4.805130190091799,104.79,502.98,0.01,0.5
