epoch,loss,returns,fireworks,scores,lives,epi_length,num_epis,batch_size,illegal_moves,epsilon
100,-11.669924529790878,-6.621299754604381,1.2569114217791733,0.0,0.0,5.563163175049932,93.95,503.53,47.82,0.04998044371045517
200,-1.3874941563606262,-0.14422067266176922,1.2584846748634837,0.0,0.0,4.572126462106731,110.16,503.07,1.57,0.04996089506987961
300,-0.57129281103611,-0.029355014451149974,1.2511059168080703,0.0,0.0,4.35379350932024,115.64,503.03,0.34,0.04994135407528154
