epoch,loss,returns,fireworks,scores,lives,epi_length,num_epis,batch_size,illegal_moves,epsilon
100,-11.872654327154159,-7.010662931645068,1.2625397182238673,0.0,0.0,6.53577970786632,77.86,504.69,51.92,0.49994999999999856
200,-2.868888330459595,-0.08238418608438947,1.2495020202156009,0.0,0.0,5.265105327400746,96.37,503.95,0.72,0.4998999999999971
300,-7.086737599372864,0.0,1.265527308197611,0.0,0.0,4.807832592814837,104.76,502.96,0.0,0.4998499999999957
400,-13.510496501922608,0.0,1.255235702919916,0.0,0.0,4.808330304633086,104.75,503.07,0.0,0.49979999999999425
500,-19.108822708129882,0.0,1.248173944362602,0.0,0.0,4.8016211399654605,104.91,503.2,0.0,0.4997499999999928
600,-23.745575828552248,0.0,1.2567519958200926,0.0,0.0,4.803102239762352,105.0,503.51,0.0,0.4996999999999914
700,-28.966902675628663,0.0,1.2578825027485663,0.0,0.0,4.807487263029614,104.86,503.57,0.0,0.49964999999998994
800,-33.71315137863159,0.0,1.2694453451863756,0.0,0.0,4.814663556130625,104.6,502.86,0.0,0.4995999999999885
900,-38.685064029693606,0.0,1.2726021171497024,0.0,0.0,4.814477645445071,104.61,503.09,0.0,0.49954999999998706
