epoch,loss,returns,fireworks,scores,lives,epi_length,num_epis,batch_size,illegal_moves,epsilon
100,-13.552632369995116,-8.207577223181618,1.2748392786363831,0.0,0.0,6.660974755585946,76.9,504.6,56.05,0.0495000000000002
200,-2.017638716697693,-0.39756230677978793,1.2777105923013128,0.0,0.0,6.589274116981085,76.85,504.51,3.03,0.04900000000000039
300,-1.5122781497240068,-0.13017746580214945,1.282410673675848,0.0,0.0,5.797647916175639,87.13,504.24,1.14,0.048500000000000584
400,-1.0489692550897598,-0.04936198111836058,1.2400127108729178,0.0,0.0,5.411593912333928,93.47,503.33,0.44,0.04800000000000078
500,-0.45890450954437256,-0.009212364595477975,1.258504870883457,0.0,0.0,4.541923281640555,110.91,502.7,0.1,0.04750000000000097
600,-0.30305150389671326,-0.0008547008547008547,1.2555779471453556,0.0,0.0,4.301072970338135,117.02,502.95,0.01,0.047000000000001166
700,-0.47643346421420574,0.0,1.2744179106510913,0.0,0.0,4.310229986236106,116.73,502.66,0.0,0.04650000000000136
800,-0.667084202170372,0.0,1.2403721124239708,0.0,0.0,4.277160966929142,117.66,502.88,0.0,0.046000000000001554
