epoch,loss,returns,fireworks,scores,lives,epi_length,num_epis,batch_size,illegal_moves,epsilon
100,-14.192756348848343,-8.459520170734418,1.243624123874383,0.0,0.0,6.5957330713534725,77.53,504.57,59.12,0.04998044371045517
200,-2.09700799703598,-0.46188316219499387,1.2654159048259297,0.0,0.0,6.573073643248697,77.0,504.48,3.53,0.04996089506987961
300,-1.6516807305812835,-0.19116702195249619,1.2135962787187176,0.0,0.0,6.133596101823173,82.4,503.83,1.56,0.04994135407528154
400,-1.3222109985351562,-0.07431843475248759,1.2416858846559478,0.0,0.0,5.355083314088736,94.24,503.62,0.69,0.04992182072367038
500,-0.7869262534379959,-0.015303579848276056,1.2331761542196193,0.0,0.0,4.820070703561709,104.75,502.87,0.16,0.04990229501205685
600,-0.3359567859023809,-0.003369409975003032,1.2286234324652077,0.0,0.0,4.336131341515247,116.06,502.86,0.04,0.04988277693745275
700,-0.3513964354991913,0.0,1.258402779041109,0.0,0.0,4.300854818360358,116.98,502.69,0.0,0.049863266496870985
800,-0.527064250856638,0.0,1.25222867469986,0.0,0.0,4.292040660543343,117.25,502.92,0.0,0.04984376368732578
900,-0.7051124711334705,0.0,1.2550428431522886,0.0,0.0,4.292115277193215,117.22,502.65,0.0,0.049824268505832305
