epoch,loss,returns,fireworks,scores,lives,epi_length,num_epis,batch_size,illegal_moves,epsilon
100,-10.317978961467743,-5.90175689683762,1.239905905202411,0.0,0.0,6.206470794719589,82.26,504.38,43.44,0.05
200,-1.8170966041088104,-0.28108779720088584,1.2581567210549742,0.0,0.0,6.303914010803031,80.18,504.16,2.24,0.05
300,-1.467130205631256,-0.10619078010012299,1.2408598371911712,0.0,0.0,5.854520964610644,86.22,503.85,0.91,0.05
400,-1.172143582701683,-0.03650093182367333,1.2278387930368124,0.0,0.0,5.441256868758173,92.82,503.95,0.34,0.05
500,-0.7032068258523941,-0.0037992257650352507,1.252525998451117,0.0,0.0,4.793943036465358,105.36,503.16,0.04,0.05
600,-0.3656842818111181,-0.0008333333333333333,1.2679244464676365,0.0,0.0,4.361111298224757,115.45,503.05,0.01,0.05
700,-0.46360506638884547,0.0,1.2500455353545659,0.0,0.0,4.287958530841795,117.37,502.85,0.0,0.05
800,-0.7415629775822162,0.0,1.2448557816782293,0.0,0.0,4.281943469352797,117.51,502.79,0.0,0.05
