epoch,loss,returns,fireworks,scores,lives,epi_length,num_epis,batch_size,illegal_moves,epsilon
100,-13.466600277423858,-8.227040152737606,1.276333589269832,0.0,0.0,6.864099549965987,74.49,504.4,54.84,0.04998044371045517
200,-2.008826720714569,-0.39866507161354714,1.2275541490637827,0.0,0.0,6.188845692886044,81.87,504.49,3.19,0.04996089506987961
300,-1.6105650687217712,-0.11062161533104829,1.2596258765616974,0.0,0.0,5.7893572550278165,87.23,503.92,0.96,0.04994135407528154
400,-1.4313737756013871,-0.05114610819668041,1.2836098281171413,0.0,0.0,5.826898831163477,86.72,504.26,0.44,0.04992182072367038
500,-1.1000575459003448,-0.009511803054933942,1.2503838043301578,0.0,0.0,5.149480015269263,98.03,503.64,0.09,0.04990229501205685
600,-0.7134449008107185,-0.0028099918099918097,1.2679533006493517,0.0,0.0,4.661749935822049,108.24,503.38,0.03,0.04988277693745275
700,-0.3183116448670626,0.0,1.2607895573436796,0.0,0.0,4.317528466505703,116.56,502.83,0.0,0.049863266496870985
800,-0.4965173312649131,0.0,1.2638348365437124,0.0,0.0,4.302331373579355,116.96,502.76,0.0,0.04984376368732578
