epoch,loss,returns,fireworks,scores,lives,epi_length,num_epis,batch_size,illegal_moves,epsilon
100,-8.726204342842102,-4.680578253189709,1.261415127464319,0.0,0.0,8.16283279937912,65.07,506.09,32.76,0.4698727989009154
200,-115.8740078830719,-17.44771746009047,1.2290448017234958,0.0,0.0,17.445391664986243,29.83,510.39,49.1,0.44156089429396034
300,-336.95942977905275,-26.428153134839455,1.2859596678287888,0.0,0.0,19.7028798670461,26.29,511.75,67.51,0.4149549065741888
400,-610.6688458251953,-35.65014676398384,1.257803848023312,0.0,0.0,21.158120229600573,24.61,514.91,85.66,0.38995204673936407
500,-930.3762979125977,-47.2224901117289,1.287290334199432,0.0,0.0,23.01730441960511,22.71,516.36,104.27,0.3664557192771312
600,-1279.3777856445313,-60.217062362974666,1.2584003736220557,0.0,0.0,24.658222604330657,21.28,516.69,124.21,0.34437514897998783
700,-1680.0706970214844,-70.43964995987993,1.28690237720195,0.0,0.0,25.816122603108695,20.4,517.71,138.85,0.32362503024629347
800,-2079.250847167969,-84.47258484674641,1.2473150187090996,0.0,0.0,27.465872957868395,19.06,516.41,157.26,0.3041251975124387
900,-2582.7231030273438,-103.44279730550106,1.2561867436866092,0.0,0.0,29.873919889599488,17.79,520.49,177.5,0.2858003155429269
