epoch,loss,returns,fireworks,scores,lives,epi_length,num_epis,batch_size,illegal_moves,epsilon
100,-12.859453661441803,-7.595374207317478,1.2832046401763433,0.0,0.0,6.610510668497755,77.39,504.96,54.61,0.49500000000000055
200,-3.9961408829689025,-0.0237420448589861,1.2716373427090506,0.0,0.0,4.868098256573647,103.55,503.38,0.24,0.4900000000000011
300,-8.763928155899048,0.0,1.2424902019954482,0.0,0.0,4.769869293155139,105.63,503.36,0.0,0.48500000000000165
400,-13.888008213043213,0.0,1.251154569768382,0.0,0.0,4.774070888530074,105.52,503.15,0.0,0.4800000000000022
500,-18.036830310821532,0.0,1.2290542573249916,0.0,0.0,4.746930417990204,106.11,502.97,0.0,0.47500000000000275
600,-22.564583196640015,0.0,1.2470371105749833,0.0,0.0,4.770966531523201,105.65,503.36,0.0,0.4700000000000033
700,-26.351643371582032,0.0,1.2499786456553839,0.0,0.0,4.74200386443704,106.24,503.16,0.0,0.46500000000000385
800,-30.9157861328125,0.0,1.2658083867233312,0.0,0.0,4.763748153142622,105.84,503.54,0.0,0.4600000000000044
900,-34.24215518951416,0.0,1.2608596807798693,0.0,0.0,4.750017849002914,106.05,503.1,0.0,0.45500000000000496
