epoch,loss,returns,fireworks,scores,lives,epi_length,num_epis,batch_size,illegal_moves,epsilon
100,-12.991302324533462,-7.60498132866511,1.2637255197097825,0.0,0.0,5.949173016163498,87.72,504.34,51.75,0.05
200,-1.6808885103464126,-0.19604836361199937,1.2394612716396167,0.0,0.0,5.3266124732661515,94.65,503.32,1.86,0.05
300,-1.270258026123047,-0.0607550051319601,1.2385556300616214,0.0,0.0,5.5445131877255225,90.88,503.32,0.55,0.05
