epoch,loss,returns,fireworks,scores,lives,epi_length,num_epis,batch_size,illegal_moves,epsilon
100,-6.268850457668305,-2.3940960805482283,1.2674667933880308,0.0,0.0,5.240421981448574,97.92,503.53,18.54,0.49500000000000055
200,-6.998423223495483,0.0,1.2738627308793438,0.0,0.0,4.807275433249018,104.77,503.06,0.0,0.4900000000000011
