epoch,loss,returns,fireworks,scores,lives,epi_length,num_epis,batch_size,illegal_moves,epsilon
100,-7.524763077497482,-3.7213587412460543,1.2650441667853283,0.0,0.0,7.912910531181739,65.92,505.35,26.86,0.49500000000000055
200,-88.96123997688294,-11.055903860019848,1.285754483893257,0.0,0.0,16.434948721521955,31.66,512.06,33.3,0.4900000000000011
300,-192.19193588256837,-12.549319505494125,1.2983640580141091,0.0,0.0,17.228871894468636,30.1,512.77,36.86,0.48500000000000165
400,-303.8715319061279,-14.493321516053777,1.322213551452495,0.0,0.0,17.545451216259504,29.53,512.1,41.61,0.4800000000000022
500,-400.4577690124512,-15.643032213999705,1.2892578724647716,0.0,0.0,17.675944478231578,29.4,512.96,44.38,0.47500000000000275
600,-482.3475930786133,-15.901066233074946,1.278310588475244,0.0,0.0,17.662476963910432,29.26,511.53,45.21,0.4700000000000033
700,-606.2290740966797,-17.579297783585897,1.3188754287765345,0.0,0.0,18.37755940617395,28.19,510.81,48.04,0.46500000000000385
800,-674.4866467285157,-16.963930268367978,1.279878315936422,0.0,0.0,18.06070298156351,28.63,512.76,47.6,0.4600000000000044
