epoch,loss,returns,fireworks,scores,lives,epi_length,num_epis,batch_size,illegal_moves,epsilon
100,-13.362781188488007,-7.966142726708728,1.2500722076836295,0.0,0.0,7.041672749318911,71.95,504.64,56.72,0.5
200,-7.948379522562027,-0.8957725356437148,1.2776426771760567,0.0,0.0,9.922139245478858,52.16,506.88,4.12,0.5
300,-151.94768562316895,-10.909074574862183,1.2864322972688487,0.0,0.0,16.383494392600554,31.63,511.39,33.23,0.5
400,-266.0962602996826,-12.2281700614176,1.2639433252226921,0.0,0.0,16.802581497893378,30.86,511.8,36.34,0.5
500,-331.15406707763674,-11.633541160340242,1.2898089907611898,0.0,0.0,16.808377859346407,30.74,511.54,34.8,0.5
600,-380.7314470672607,-11.2087976615034,1.2536098034352339,0.0,0.0,16.457667408880972,31.35,509.67,33.84,0.5
700,-435.3563567352295,-10.693097650054778,1.2720900013853516,0.0,0.0,16.517818062101686,31.32,511.52,32.48,0.5
800,-496.11652435302733,-11.147443354282245,1.271972452595379,0.0,0.0,16.73483568126211,30.96,511.85,33.42,0.5
