epoch,loss,returns,fireworks,scores,lives,epi_length,num_epis,batch_size,illegal_moves,epsilon
100,-9.208587312698365,-5.085315733227567,1.27274806898281,0.0,0.0,6.234990545760028,81.52,504.05,38.79,0.4996893661284646
200,-3.748660283088684,-0.0148568319987237,1.2628599788852093,0.0,0.0,5.041134143726286,100.18,503.29,0.14,0.4993789252437333
300,-9.553694512844086,0.0,1.2637749353148933,0.0,0.0,4.813781501304842,104.67,503.21,0.0,0.4990686772259098
400,-15.447924652099609,0.0,1.2713660830323297,0.0,0.0,4.82321120650278,104.47,503.27,0.0,0.498758621955172
500,-20.603118896484375,0.0,1.2551774545512284,0.0,0.0,4.805340274030529,104.85,503.2,0.0,0.4984487593117725
600,-25.603152484893798,0.0,1.2604264241322038,0.0,0.0,4.793689765967931,105.15,503.32,0.0,0.49813908917603844
700,-29.436576232910156,0.0,1.2329519685978616,0.0,0.0,4.777026697629462,105.43,503.14,0.0,0.4978296114283706
800,-34.28438259124756,0.0,1.2449490422417526,0.0,0.0,4.788900983203586,105.27,503.5,0.0,0.4975203259492447
