epoch,loss,returns,fireworks,scores,lives,epi_length,num_epis,batch_size,illegal_moves,epsilon
100,-12.629508059024811,-7.337162359471028,1.244358287273974,0.0,0.0,5.9462995551377595,86.72,503.63,53.86,0.05
200,-2.0161508560180663,-0.36200982255946607,1.258871377156642,0.0,0.0,5.700465347007102,88.59,503.66,3.22,0.05
300,-1.5763964748382568,-0.10426377154811295,1.2644651916008,0.0,0.0,5.616630509703704,89.86,503.65,0.94,0.05
400,-1.1957281923294067,-0.04496868143452384,1.2417017300752473,0.0,0.0,5.181932312184967,97.44,503.76,0.43,0.05
500,-0.6638189393281937,-0.006360766027504594,1.2694401967265188,0.0,0.0,4.665509696646157,108.05,503.13,0.07,0.05
600,-0.3391537771373987,-0.00438898163673079,1.2655732952599632,0.0,0.0,4.34510888272983,115.91,503.15,0.05,0.05
700,-0.38203980654478076,0.0,1.259352404887475,0.0,0.0,4.29513339344865,117.15,502.92,0.0,0.05
800,-0.5948261718451977,0.0,1.277186787606343,0.0,0.0,4.315794608492956,116.62,502.97,0.0,0.05
900,-0.841874803006649,0.0,1.243603771588927,0.0,0.0,4.280070630963406,117.61,502.95,0.0,0.05
