epoch,loss,returns,fireworks,scores,lives,epi_length,num_epis,batch_size,illegal_moves,epsilon
100,-16.429526779651642,-9.943615828453414,1.263903654577624,0.0,0.0,6.301514229026744,82.8,504.46,68.49,0.04808175423786526
200,-2.146682780981064,-0.3933467641726524,1.2738957911905295,0.0,0.0,5.662617134361551,89.07,503.47,3.5,0.04623710181180951
300,-1.5253577786684036,-0.11916485631144243,1.2191058635456435,0.0,0.0,5.495692039495891,91.79,503.66,1.1,0.044463219319731566
400,-1.2412940633296967,-0.06436074207679619,1.2743036040024263,0.0,0.0,5.290825381080724,95.54,503.96,0.6,0.04275739167911271
500,-0.6499368295073509,-0.024515017225492094,1.2740704622138423,0.0,0.0,4.705319185341123,107.2,503.18,0.26,0.04111700797134484
600,-0.2575914637744427,-0.0008547008547008547,1.2419678657957154,0.0,0.0,4.343026024346072,115.9,502.97,0.01,0.039539557445491
700,-0.23357075959444046,0.0,1.2680539845418264,0.0,0.0,4.304151491244374,116.95,503.05,0.0,0.03802262567536107
800,-0.2990250508114696,0.0,1.2489679169145438,0.0,0.0,4.274875245273126,117.7,502.75,0.0,0.03656389086402112
