epoch,loss,returns,fireworks,scores,lives,epi_length,num_epis,batch_size,illegal_moves,epsilon
100,-5.792605957984924,-2.142992844016911,1.247629751232015,0.0,0.0,5.141821350371795,99.49,503.41,16.93,0.4698727989009154
200,-6.527296290397644,0.0,1.268137798456853,0.0,0.0,4.752476534484579,105.95,503.0,0.0,0.44156089429396034
