epoch,loss,returns,fireworks,scores,lives,epi_length,num_epis,batch_size,illegal_moves,epsilon
100,-11.336638271808624,-6.75197924359804,1.2571107870163645,0.0,0.0,6.322352030127095,81.83,504.28,44.18,0.04808175423786526
200,-1.437796593308449,-0.14297539052663477,1.2563503806930019,0.0,0.0,5.731303770164622,88.06,503.84,1.25,0.04623710181180951
300,-1.0986117362976073,-0.047251955775505075,1.276571419321518,0.0,0.0,5.554410014776367,91.07,503.98,0.42,0.044463219319731566
