epoch,loss,returns,fireworks,scores,lives,epi_length,num_epis,batch_size,illegal_moves,epsilon
100,-10.784399460554123,-6.212605413089156,1.2666401823419238,0.0,0.0,6.205745082763571,82.2,504.12,47.36,0.49994999999999856
200,-2.96113481760025,-0.05284332836664649,1.2398379495523995,0.0,0.0,4.9045237809368345,102.96,503.63,0.51,0.4998999999999971
300,-8.712278189659118,0.0,1.2491106297279564,0.0,0.0,4.799637080529194,104.97,503.2,0.0,0.4998499999999957
400,-15.042865209579467,0.0,1.2646231252866962,0.0,0.0,4.815836631538719,104.64,503.2,0.0,0.49979999999999425
500,-20.206769647598268,0.0,1.249397899459505,0.0,0.0,4.795230387030534,105.09,503.35,0.0,0.4997499999999928
600,-25.291003704071045,0.0,1.251361083382415,0.0,0.0,4.796716157934332,105.05,503.25,0.0,0.4996999999999914
700,-30.06262794494629,0.0,1.2476348320651791,0.0,0.0,4.7908852318880175,105.14,503.0,0.0,0.49964999999998994
800,-35.487343063354494,0.0,1.268140946602192,0.0,0.0,4.81739315795357,104.59,503.19,0.0,0.4995999999999885
900,-39.487048358917235,0.0,1.2465539206377145,0.0,0.0,4.80082752807149,104.91,503.08,0.0,0.49954999999998706
