epoch,loss,returns,fireworks,scores,lives,epi_length,num_epis,batch_size,illegal_moves,epsilon
100,-11.591748307943345,-6.757157129320559,1.2513073589358745,0.0,0.0,6.0011659319125785,86.08,504.55,47.55,0.04998044371045517
200,-1.346377465724945,-0.1618639343732221,1.2504357465034668,0.0,0.0,5.50580010458583,91.63,503.51,1.46,0.04996089506987961
300,-0.8497536408901215,-0.03944270362116408,1.2890981025029848,0.0,0.0,5.0105853377438105,100.93,503.48,0.39,0.04994135407528154
