epoch,loss,returns,fireworks,scores,lives,epi_length,num_epis,batch_size,illegal_moves,epsilon
100,-14.22400346159935,-8.344862395341565,1.2712451838372334,0.0,0.0,5.9466284533886675,86.91,503.86,61.72,0.0495000000000002
200,-2.0010473096370696,-0.35743161046619426,1.235190105070489,0.0,0.0,5.641754321686808,89.6,503.7,3.26,0.04900000000000039
300,-1.6303609502315521,-0.13866279762442535,1.2748043523243404,0.0,0.0,5.9575446241172765,84.89,503.81,1.15,0.048500000000000584
400,-1.3130677610635757,-0.04275599482810321,1.2792671566045304,0.0,0.0,5.497998589226654,91.82,503.67,0.39,0.04800000000000078
500,-0.7916795602440834,-0.018098415047966956,1.2565797715308031,0.0,0.0,4.862019152399012,104.0,503.2,0.18,0.04750000000000097
600,-0.30195934817194936,-0.001770466118292205,1.2708039111704503,0.0,0.0,4.365182863957935,115.31,502.78,0.02,0.047000000000001166
700,-0.3052214474231005,0.0,1.2496150293062094,0.0,0.0,4.286492952353964,117.35,502.69,0.0,0.04650000000000136
800,-0.41092179119586947,0.0,1.2416652180987453,0.0,0.0,4.279118152465611,117.69,503.24,0.0,0.046000000000001554
900,-0.5866274361312389,0.0,1.279528472058753,0.0,0.0,4.313968534871078,116.6,502.62,0.0,0.04550000000000175
