epoch,loss,returns,fireworks,scores,lives,epi_length,num_epis,batch_size,illegal_moves,epsilon
100,-7.525137940645218,-3.887147881903868,1.2545041615396917,0.0,0.0,6.050406050071071,84.1,504.33,29.55,0.4698727989009154
200,-2.5282224559783937,-0.016437881119706354,1.2576935387911958,0.0,0.0,4.9907695157248995,101.24,503.12,0.16,0.44156089429396034
300,-3.806544795036316,0.0,1.2467055389393205,0.0,0.0,4.7093248390289935,106.98,503.2,0.0,0.4149549065741888
400,-5.518502762317658,0.0,1.272493819203433,0.0,0.0,4.683516285571201,107.52,503.03,0.0,0.38995204673936407
500,-6.883644156455993,0.0,1.2388446726933326,0.0,0.0,4.623094601086284,108.93,503.11,0.0,0.3664557192771312
600,-8.13479588985443,0.0,1.268024550622609,0.0,0.0,4.620723404546027,108.95,502.97,0.0,0.34437514897998783
700,-8.91358175754547,0.0,1.2634208203344501,0.0,0.0,4.593072435569877,109.6,502.93,0.0,0.32362503024629347
800,-9.644130439758301,0.0,1.2794549164995141,0.0,0.0,4.58666319829862,109.79,503.04,0.0,0.3041251975124387
900,-9.82780251979828,0.0,1.2422915898592488,0.0,0.0,4.51785038885636,111.42,502.97,0.0,0.2858003155429269
