epoch,loss,returns,fireworks,scores,lives,epi_length,num_epis,batch_size,illegal_moves,epsilon
100,-6.648346749544143,-3.69870635442426,1.2489787912711958,0.0,0.0,5.145774757127762,101.62,503.62,24.81,0.05
200,-0.33968244686722754,-0.005193956311758654,1.2736003049419709,0.0,0.0,4.324561110553742,116.43,503.12,0.06,0.05
