epoch,loss,returns,fireworks,scores,lives,epi_length,num_epis,batch_size,illegal_moves,epsilon
100,-8.364234627485276,-4.3764203962270924,1.2506985875334393,0.0,0.0,5.6092783688631975,91.95,503.69,33.68,0.4698727989009154
200,-3.286193767786026,-0.014335836501273694,1.266738351734706,0.0,0.0,4.757306408575125,105.88,503.17,0.15,0.44156089429396034
300,-4.874133341312408,0.0,1.2518380243393592,0.0,0.0,4.693442047432718,107.33,503.12,0.0,0.4149549065741888
