epoch,loss,returns,fireworks,scores,lives,epi_length,num_epis,batch_size,illegal_moves,epsilon
100,-9.391902754306793,-4.79238211856223,1.2640778388008937,0.0,0.0,8.351305388752778,62.59,504.67,32.99,0.49994999999999856
200,-37.4721986079216,-6.961952077529037,1.2859839091158412,0.0,0.0,14.477320764550363,35.84,509.44,23.34,0.4998999999999971
300,-102.12225620269776,-11.943621770183652,1.2818222416329155,0.0,0.0,16.72332806969839,30.97,511.81,35.85,0.4998499999999957
