epoch,loss,returns,fireworks,scores,lives,epi_length,num_epis,batch_size,illegal_moves,epsilon
100,-6.250017914772034,-3.4367452667274,1.2681305244255159,0.0,0.0,5.901809984292982,87.49,503.93,22.05,0.04999499999999986
200,-0.4039611154794693,-0.00798085937418911,1.2858346777582088,0.0,0.0,4.409574797490098,114.26,503.16,0.09,0.049989999999999715
